{"cameraMode":{"drawMode":0,"name":"Shaded","section":"Shading Mode"},"sceneLighting":true,"audioPlay":false,"sceneViewState":{"m_AlwaysRefresh":false,"showFog":true,"showSkybox":true,"showFlares":true,"showImageEffects":true,"showParticleSystems":true,"showVisualEffectGraphs":true,"m_FxEnabled":true},"in2DMode":false,"pivot":{"x":4.1116814613342289,"y":4.040841579437256,"z":1.9102699756622315},"rotation":{"x":-0.008576069958508015,"y":0.16128255426883698,"z":0.001401201356202364,"w":0.9868721961975098},"size":10.890027046203614,"orthographic":false}